{
  "test_login.py": 1774376718.8492746,
  "debug_sei.py": 1770987612.5176775,
  "debug_wssei.py": 1770988824.9095361,
  "invalidate_cache.py": 1771877877.7678409,
  "debug_tipos.py": 1774376718.8492746,
  "alembic/env.py": 1770342952.6744404,
  "alembic/versions/009_mencoes_e_respostas.py": 1772712602.99539,
  "alembic/versions/fc324ff248f5_.py": 1774376606.9949172,
  "alembic/versions/b8b670b34a33_.py": 1774276980.1818428,
  "alembic/versions/012_grupos_equipe_remove_compartilhamentos.py": 1773378649.24943,
  "alembic/versions/006_processo_entendimento.py": 1771893965.5113864,
  "alembic/versions/9b9b373ff052_.py": 1774288559.6044996,
  "alembic/versions/create_registro_atividades.py": 1774926185.4468691,
  "alembic/versions/008_id_pessoa_bigint.py": 1772713333.3121622,
  "alembic/versions/ac0daeb93a96_.py": 1773764559.2129006,
  "alembic/versions/ecdb42ce6390_.py": 1774287071.91371,
  "alembic/versions/a59f0f6ee9cb_.py": 1773381591.4328108,
  "alembic/versions/003_add_teams_tags_sharing.py": 1771857015.5029655,
  "alembic/versions/004_add_observacoes.py": 1771860449.3187637,
  "alembic/versions/001_add_id_unidade_to_historico.py": 1770912069.8109818,
  "alembic/versions/010_add_cpf_to_credenciais.py": 1772734828.951918,
  "alembic/versions/54e03efa3b57_.py": 1773709159.417918,
  "alembic/versions/005_team_tags_and_team_observacoes.py": 1771890487.6823516,
  "alembic/versions/007_add_credenciais_usuario.py": 1772122929.8120763,
  "alembic/versions/310caab68594_.py": 1774371503.1338177,
  "alembic/versions/rbac_papeis_usuario_papel.py": 1774362418.7086568,
  "alembic/versions/013_create_unidades_sei.py": 1773764451.180382,
  "alembic/versions/e6cb5e1662cc_.py": 1773382350.969103,
  "alembic/versions/5180e6402780_.py": 1773381408.1322923,
  "alembic/versions/014_create_tipos_documento.py": 1774376718.8482742,
  "alembic/versions/f2a51ee6c308_.py": 1773381368.1861043,
  "alembic/versions/c6f9dd58413d_.py": 1774370846.4413455,
  "alembic/versions/007_add_escopo_to_observacoes.py": 1772712602.99539,
  "alembic/versions/5a0e44d8fbc7_.py": 1774367064.4783792,
  "alembic/versions/a3d9a223862b_.py": 1773707932.07751,
  "alembic/versions/002_normalize_numero_processo.py": 1770992215.6805747,
  "alembic/versions/011_tags_pessoais.py": 1773381234.9677455,
  "alembic/versions/8e12f0873268_.py": 1774369340.7689087,
  "scripts/load_gliner_to_neo4j.py": 1775023661.6329787,
  "scripts/debug_processo.py": 1774997865.2092073,
  "scripts/analyse_downloads.py": 1774999182.1254015,
  "scripts/download_documentos_sead.py": 1775008444.7121108,
  "scripts/parse_documents.py": 1775020225.8895597,
  "scripts/populate_tipos_documento.py": 1774376718.8492746,
  "scripts/etl_neo4j_classifier.py": 1773930950.662316,
  "scripts/clean_neo4j.py": 1773839356.7148352,
  "scripts/etl_neo4j.py": 1773938896.8031545,
  "scripts/resumo_neo4j.py": 1774999807.2094,
  "scripts/populate_unidades_sei.py": 1773763597.5674045,
  "scripts/analyse_download_logs.py": 1775007161.4502246,
  "scripts/setup_admin.py": 1774368309.7344418,
  "scripts/extract_ner_gliner2.py": 1775023775.9706824,
  "api/normalization.py": 1770992059.0081706,
  "api/rbac.py": 1774371469.1824567,
  "api/middleware_atividade.py": 1774924137.4075053,
  "api/schemas_legacy.py": 1770342952.6761572,
  "api/gestor.py": 1774272375.7948534,
  "api/telemetry.py": 1773696639.4566336,
  "api/cache.py": 1773760706.8813646,
  "api/main.py": 1774924141.4794762,
  "api/sei.py": 1774269326.5836325,
  "api/config.py": 1774272300.3604531,
  "api/__init__.py": 1770342952.6744404,
  "api/crypto.py": 1772122909.731046,
  "api/database.py": 1772734856.975774,
  "api/utils.py": 1770345476.3364139,
  "api/openai_client.py": 1773674717.9687858,
  "api/routes/credenciais.py": 1774370805.7592223,
  "api/routes/processo.py": 1773761198.171738,
  "api/routes/team_tags.py": 1773377827.232926,
  "api/routes/sei_proxy.py": 1774370416.3367307,
  "api/routes/equipes.py": 1773378943.6586938,
  "api/routes/__init__.py": 1774376718.8482742,
  "api/routes/compartilhamentos.py": 1771892487.3218398,
  "api/routes/admin.py": 1774924205.1090455,
  "api/routes/tipos_documento.py": 1774376718.8492746,
  "api/routes/tags.py": 1773378760.1763206,
  "api/routes/historico.py": 1773761215.572699,
  "api/routes/d1_proxy.py": 1774289198.2754,
  "api/routes/auth.py": 1772554752.3833249,
  "api/routes/observacoes.py": 1774277103.157401,
  "api/routes/fluxos.py": 1774377708.8520737,
  "api/routes/unidades.py": 1773763606.6025257,
  "api/routes/papeis.py": 1774371209.0931993,
  "api/schemas/equipe.py": 1772712602.99839,
  "api/schemas/historico_pesquisa.py": 1770993094.4392157,
  "api/schemas/tag.py": 1771856441.9132378,
  "api/schemas/__init__.py": 1774377736.0522687,
  "api/schemas/fluxo.py": 1774377674.1708128,
  "api/schemas/observacao.py": 1774277103.157401,
  "api/schemas/compartilhamento.py": 1771856451.1356823,
  "api/schemas/team_tag.py": 1773377779.7668545,
  "api/models/equipe.py": 1771856336.7081099,
  "api/models/processo_entendimento.py": 1771893975.812262,
  "api/models/historico_pesquisa.py": 1770912022.8958936,
  "api/models/registro_atividade.py": 1774924107.6807246,
  "api/models/tag.py": 1773378670.8638022,
  "api/models/tipo_documento.py": 1774376718.8482742,
  "api/models/observacao_mencao.py": 1772712602.9963899,
  "api/models/fluxo_edge.py": 1773703349.2154994,
  "api/models/usuario_papel.py": 1774360090.9744427,
  "api/models/fluxo_node.py": 1773706224.4835486,
  "api/models/__init__.py": 1774924139.2774918,
  "api/models/unidade_sei.py": 1774029061.3806577,
  "api/models/processo_salvo.py": 1771857147.3942044,
  "api/models/fluxo.py": 1773703326.186498,
  "api/models/observacao.py": 1772712602.9963899,
  "api/models/equipe_membro.py": 1771857124.532425,
  "api/models/processo_situacao.py": 1772814103.410189,
  "api/models/compartilhamento.py": 1773381510.578302,
  "api/models/processo_team_tag.py": 1771889257.301016,
  "api/models/team_tag.py": 1773377767.723899,
  "api/models/fluxo_processo.py": 1773703361.2738082,
  "api/models/configuracao_horas.py": 1773700159.3122818,
  "api/models/credencial_usuario.py": 1774361550.3748205,
  "api/models/papel.py": 1774360083.4609911,
  "alembic/CLAUDE.md": 1770920944.8193858,
  "alembic/versions/CLAUDE.md": 1774358796.055611,
  "scripts/CLAUDE.md": 1774995781.1500516,
  "api/CLAUDE.md": 1774995622.6409762,
  "api/routes/CLAUDE.md": 1774995622.446163,
  "api/schemas/CLAUDE.md": 1771860302.2176492,
  "api/models/CLAUDE.md": 1774358794.5576363
}